Date,eindend,vindend
19620905,19.106871,35.05032
19620912,19.182159,35.45108
19620919,19.13405,35.478222
19620926,18.2523,33.821388
19621003,18.13061,33.804779
19621010,18.325371,34.39397
19621017,18.0511,34.14106
19621024,17.05127,33.022339
19621031,17.628759,33.910221
19621107,18.23068,35.225441
19621114,18.91785,36.215061
19621121,19.185989,36.684608
19621128,19.69128,37.560421
19621205,20.006479,38.065311
19621212,19.66596,37.86335
19621219,19.34202,37.781261
19621226,19.400169,38.039242
19630102,19.59794,37.910599
19630109,20.619419,39.13052
19630116,20.79665,39.23259
19630123,21.126471,39.772991
19630130,21.178419,39.8936
19630206,21.31785,40.232269
19630213,21.37323,40.14378
19630220,21.33473,40.031109
19630227,21.237539,39.632278
19630306,21.07375,39.492538
19630313,21.266701,40.08466
19630320,21.178909,40.10323
19630327,21.34123,40.528671
19630403,21.48245,40.918758
19630410,21.67417,41.426022
19630417,21.8006,41.811909
19630424,21.98431,42.345181
19630501,22.059349,42.523609
19630508,22.190161,42.641911
19630515,22.52475,42.973621
19630522,22.64662,42.87849
19630529,22.729971,43.0229
19630605,22.811649,43.144741
19630612,22.87682,43.093491
19630619,22.922649,42.942982
19630626,22.72809,42.517941
19630703,22.80472,42.820499
19630710,22.891609,42.864922
19630717,22.72053,42.334148
19630724,22.43396,41.92205
19630731,22.604151,42.41177
19630807,22.715599,42.936371
19630814,22.94578,43.624458
19630821,23.08984,43.807251
19630828,23.457861,44.372269
19630904,23.737789,44.768959
19630911,23.76696,45.07592
19630918,23.79838,44.83865
19630925,23.62509,44.803902
19631002,23.561899,44.449421
19631009,23.622721,44.347721
19631016,23.89921,44.95715
19631023,23.913139,44.874561
19631030,23.83692,45.24194
19631106,23.63563,44.75465
19631113,23.878281,45.12767
19631120,23.567711,44.682831
19631127,23.271191,44.487041
19631204,23.678551,45.439541
19631211,23.53932,45.5075
19631218,23.428431,45.834869
19631225,23.41396,45.677448
19640101,24.008551,46.354031
19640108,24.44861,46.753189
19640115,24.528891,47.077301
19640122,24.587311,47.288399
19640129,24.51185,47.03949
19640205,24.534281,47.155918
19640212,24.812441,47.705372
19640219,24.91819,47.81683
19640226,25.191999,48.083321
19640304,25.34491,48.210529
19640311,25.605061,48.722061
19640318,25.811649,49.052299
19640325,25.93486,48.89325
19640401,26.14843,49.087872
19640408,26.498569,49.393768
19640415,26.60885,49.622349
19640422,26.641159,49.845879
19640429,26.258101,49.256828
19640506,26.43289,50.11594
19640513,26.44051,50.147678
19640520,26.44401,50.02618
19640527,26.383739,49.915138
19640603,26.16226,49.45673
19640610,26.07049,49.402641
19640617,26.445801,50.200329
19640624,26.60833,50.403229
19640701,26.94241,51.06971
19640708,27.21209,51.588371
19640715,27.466471,51.795341
19640722,27.62108,51.974468
19640729,27.63205,51.666801
19640805,27.369631,51.180439
19640812,27.57892,51.32032
19640819,27.69961,51.423592
19640826,27.51734,50.876549
19640902,27.833599,51.545891
19640909,28.08886,51.976768
19640916,28.219151,52.133518
19640923,28.504601,52.537708
19640930,28.79533,52.747108
19641007,28.95706,53.043911
19641014,29.23402,53.131802
19641021,29.440559,53.33857
19641028,29.369169,53.09016
19641104,29.487419,53.46114
19641111,29.428341,53.503151
19641118,29.817169,54.294811
19641125,29.77478,53.977909
19641202,29.28381,53.00436
19641209,28.96994,52.782391
19641216,28.92816,52.804298
19641223,29.082861,53.17712
19641230,29.12709,53.301319
19650106,29.8948,53.81049
19650113,30.53227,54.482601
19650120,30.82773,54.992031
19650127,31.25724,55.427601
19650203,31.6075,55.79089
19650210,31.52562,55.208172
19650217,31.734909,54.92614
19650224,32.399971,55.839142
19650303,32.79039,56.04784
19650310,32.88353,55.701221
19650317,33.154949,56.015862
19650324,33.271568,56.018089
19650331,33.166271,55.48682
19650407,33.460819,55.75848
19650414,34.00882,56.81942
19650421,34.279701,56.881771
19650428,34.580212,57.30584
19650505,34.659279,57.713131
19650512,34.761768,57.961811
19650519,35.01078,57.870991
19650526,34.557961,57.07386
19650602,33.93079,56.276539
19650609,33.056431,54.925812
19650616,32.819489,54.955391
19650623,32.587231,54.61578
19650630,31.75877,54.131222
19650707,32.236691,54.55349
19650714,32.710609,55.30793
19650721,32.238201,54.237492
19650728,32.309978,54.264198
19650804,33.000488,55.47295
19650811,33.447079,55.8466
19650818,33.838211,56.46994
19650825,33.911518,56.433361
19650901,34.302052,56.776901
19650908,34.831928,57.734612
19650915,35.021099,58.212158
19650922,35.276661,58.702278
19650929,35.252079,58.583248
19651006,35.699371,58.958302
19651013,36.592041,59.574699
19651020,37.07859,59.90324
19651027,37.38166,60.27129
19651103,37.571732,60.303398
19651110,37.84877,60.12524
19651117,38.374481,60.70042
19651124,38.814018,60.442471
19651201,39.48307,60.455711
19651208,40.04998,60.44738
19651215,40.828991,61.047642
19651222,40.881191,61.178478
19651229,40.676868,60.868382
19660105,41.729969,61.59911
19660112,42.36385,61.928249
19660119,43.181881,62.342152
19660126,43.72562,62.496101
19660202,43.450371,61.786839
19660209,44.365849,62.848339
19660216,44.877731,62.502831
19660223,44.7192,61.48674
19660302,44.136822,60.093498
19660309,44.109032,59.973721
19660316,43.175968,59.176998
19660323,44.269989,60.15538
19660330,44.547298,59.861961
19660406,45.94175,61.736919
19660413,46.67984,61.897671
19660420,47.37027,62.272331
19660427,47.167068,62.05999
19660504,46.022449,60.629398
19660511,44.245491,59.109879
19660518,42.022308,57.524509
19660525,43.339611,58.952759
19660601,43.01638,58.436272
19660608,42.648312,57.789631
19660615,43.903599,59.125992
19660622,44.327911,59.342018
19660629,43.269341,57.930672
19660706,43.875488,59.296341
19660713,43.863152,58.89238
19660720,43.672501,58.406219
19660727,42.66333,57.379292
19660803,42.059631,56.80434
19660810,42.155609,56.982868
19660817,41.377178,55.811432
19660824,40.029282,54.280602
19660831,38.324741,52.75528
19660907,37.797691,52.20134
19660914,39.016819,54.107311
19660921,38.529549,53.152611
19660928,38.269379,52.799629
19661005,36.312069,51.019791
19661012,36.133419,52.327579
19661019,36.919991,53.24287
19661026,37.05162,54.144691
19661102,37.718361,55.132038
19661109,38.14711,55.6292
19661116,39.272968,56.49931
19661123,38.630569,55.217701
19661130,39.010521,55.56451
19661207,39.44471,56.42009
19661214,40.292259,57.19334
19661221,40.302731,56.591579
19661228,40.21714,56.139099
19670104,40.615841,56.060242
19670111,43.07497,58.214199
19670118,44.575569,59.843151
19670125,45.64571,60.072418
19670201,46.775398,60.614399
19670208,48.084209,61.63015
19670215,48.93116,62.164261
19670222,49.07177,61.737991
19670301,49.232399,61.974972
19670308,50.09869,62.56205
19670315,50.802929,63.17812
19670322,51.36298,63.858631
19670329,51.752991,64.288773
19670405,51.70842,63.754429
19670412,51.404621,63.11903
19670419,52.875031,65.232567
19670426,53.484879,66.035759
19670503,54.766621,66.83902
19670510,54.861851,66.555656
19670517,55.73975,66.456932
19670524,54.888119,64.855324
19670531,53.812801,64.056458
19670607,54.927071,65.37439
19670614,56.702831,66.651428
19670621,57.650982,66.68631
19670628,58.36684,66.191208
19670705,59.185059,66.390137
19670712,60.434761,67.30024
19670719,61.762581,68.212158
19670726,62.11694,68.427856
19670802,63.704021,69.717979
19670809,64.279617,69.83918
19670816,63.40152,68.927292
19670823,63.267342,68.37635
19670830,63.32439,68.14904
19670906,64.457062,69.182037
19670913,65.783096,70.326172
19670920,66.463692,70.426804
19670927,67.246071,70.870949
19671004,68.108459,70.840569
19671011,68.182343,70.757339
19671018,67.927177,69.978928
19671025,66.740601,69.380768
19671101,65.806923,68.170853
19671108,65.092621,67.13958
19671115,64.071274,67.437111
19671122,65.931168,69.008324
19671129,66.91523,69.839577
19671206,68.111992,70.716728
19671213,69.361671,70.832298
19671220,69.88456,70.744499
19671227,71.408569,71.447197
19680103,72.435242,71.339462
19680110,74.19207,72.128349
19680117,76.289627,71.946991
19680124,74.767319,70.138107
19680131,73.842987,69.285469
19680207,73.112846,69.118217
19680214,70.026527,67.502632
19680221,71.679008,68.39859
19680228,70.535316,67.525673
19680306,68.23275,66.563972
19680313,69.848381,67.340782
19680320,68.641724,66.446899
19680327,68.652924,66.865402
19680403,70.882378,69.660156
19680410,72.780289,71.384483
19680417,75.739441,72.580933
19680424,77.351997,72.742882
19680501,79.550957,73.881638
19680508,81.316277,74.822479
19680515,82.718712,74.552116
19680522,83.517227,74.16993
19680529,85.92807,75.028343
19680605,87.992973,76.647591
19680612,90.014473,77.887161
19680619,89.273598,77.267326
19680626,88.137253,76.725021
19680703,90.069366,77.622368
19680710,91.80204,78.806122
19680717,91.5868,78.048737
19680724,87.237671,75.152382
19680731,85.497093,74.450119
19680807,86.251389,74.576729
19680814,87.783836,75.42704
19680821,88.666656,75.955338
19680828,88.893433,75.997787
19680904,89.895508,76.956261
19680911,91.515839,77.459824
19680918,93.091476,78.457512
19680925,94.343674,79.201309
19681002,96.180481,80.07122
19681009,95.629646,79.970161
19681016,97.039658,80.71946
19681023,97.121033,80.694557
19681030,96.319344,80.324471
19681106,95.869873,80.230972
19681113,98.213409,82.000473
19681120,100.191002,82.962807
19681127,102.585999,84.54599
19681204,103.627998,84.660988
19681211,104.993103,84.62838
19681218,105.264603,84.402542
19681225,105.022003,83.200623
19690101,104.646896,82.25222
19690108,99.969048,79.549118
19690115,100.839798,80.213768
19690122,102.735901,80.749641
19690129,104.025002,81.296577
19690205,103.983597,81.708679
19690212,104.271103,82.115479
19690219,99.86673,79.513741
19690226,95.799278,77.552017
19690305,96.524841,78.395592
19690312,95.095551,77.768288
19690319,94.698982,77.814972
19690326,96.093422,78.711288
19690402,96.413353,78.971939
19690409,95.795959,79.087212
19690416,95.334282,78.736061
19690423,94.895813,78.834686
19690430,97.795418,81.237534
19690507,99.63916,82.213882
19690514,100.409302,83.435066
19690521,99.333801,82.243217
19690528,98.290253,81.449463
19690604,97.604858,80.996353
19690611,93.990578,78.360313
19690618,90.414909,76.681442
19690625,87.196487,75.5168
19690702,89.141823,77.167191
19690709,87.595932,75.606728
19690716,84.707802,74.11805
19690723,82.365051,72.442848
19690730,77.155937,69.579033
19690806,81.939812,72.995529
19690813,80.483551,72.123611
19690820,83.217369,74.250832
19690827,82.908051,73.95327
19690903,83.037552,74.272469
19690910,82.35041,74.217117
19690917,82.536079,74.187843
19690924,83.34597,74.92144
19691001,81.387947,72.72654
19691008,81.358818,72.91227
19691015,85.423157,75.614304
19691022,89.321541,77.491829
19691029,89.103477,76.839157
19691105,90.098198,77.654419
19691112,90.209221,78.052811
19691119,87.19838,76.260468
19691126,84.202087,74.262299
19691203,81.70343,72.86908
19691210,79.107841,71.868958
19691217,77.353416,70.927658
19691224,78.893402,72.461823
19691231,79.405357,73.298317
19700107,83.429222,74.026657
19700114,82.095192,73.194618
19700121,80.997864,71.952393
19700128,78.077538,69.429878
19700204,77.167282,68.913918
19700211,77.364517,69.675827
19700218,77.804237,70.122742
19700225,79.174591,71.667397
19700304,79.972641,72.228951
19700311,78.832581,71.050003
19700318,76.985558,69.983627
19700325,77.920319,71.592644
19700401,78.110909,71.844559
19700408,76.202919,70.325104
19700415,72.731552,68.546669
19700422,69.370949,66.365143
19700429,65.372078,64.187012
19700506,63.68367,62.333179
19700513,61.386349,60.117668
19700520,58.15794,57.64415
19700527,56.111721,56.756828
19700603,63.732971,61.74826
19700610,60.874142,59.315811
19700617,60.573299,59.644192
19700624,57.942421,57.89983
19700701,56.005421,56.969299
19700708,54.881989,56.808208
19700715,56.563301,58.613361
19700722,58.231548,60.0107
19700729,59.43552,60.945641
19700805,59.105068,60.352852
19700812,57.637421,59.001549
19700819,57.86911,60.030109
19700826,62.12154,63.66584
19700902,63.465919,63.658901
19700909,66.101532,65.38269
19700916,66.408752,64.71154
19700923,68.231941,65.687553
19700930,72.042519,67.088173
19701007,73.79319,69.063972
19701014,71.434174,66.951088
19701021,69.45327,66.272743
19701028,68.450111,66.014893
19701104,68.630791,66.82238
19701111,68.760696,67.445747
19701118,65.552391,65.53907
19701125,66.349998,67.397499
19701202,69.294098,70.26355
19701209,69.804321,71.099953
19701216,69.454849,71.200722
19701223,70.593781,71.62825
19701230,73.881729,73.47261
19710106,76.498322,73.876472
19710113,78.624496,74.459587
19710120,81.001068,75.503227
19710127,82.946228,76.42572
19710203,86.924187,78.056343
19710210,88.963387,78.941528
19710217,90.762787,79.670692
19710224,89.106911,78.592117
19710303,89.557892,78.853699
19710310,93.119987,80.982552
19710317,94.394753,82.450951
19710324,93.239807,81.380112
19710331,94.093437,82.081627
19710407,95.405472,83.3274
19710414,96.373207,84.379333
19710421,96.005882,84.255898
19710428,97.834503,85.560112
19710505,96.952271,84.805267
19710512,95.350182,84.158501
19710519,93.393913,82.663017
19710526,91.965652,81.564934
19710602,93.313499,82.911926
19710609,92.828178,82.521339
19710616,91.89653,82.562149
19710623,89.208221,80.852211
19710630,90.81234,82.03775
19710707,91.812202,82.556923
19710714,91.207123,82.047318
19710721,90.905869,82.062462
19710728,88.022102,80.077393
19710804,84.445869,77.381233
19710811,84.818871,78.215332
19710818,89.803139,81.433762
19710825,90.508789,82.819939
19710901,90.076927,81.893707
19710908,92.685448,83.861168
19710915,91.442299,82.624809
19710922,89.943748,81.535316
19710929,89.297218,81.043999
19711006,90.918854,82.716698
19711013,90.595016,82.096642
19711020,86.776253,79.227493
19711027,84.23172,77.64341
19711103,84.4375,78.521057
19711110,82.757927,77.482063
19711117,81.541031,76.933388
19711124,77.758003,74.711037
19711201,83.822098,79.397209
19711208,85.817619,80.738342
19711215,87.774399,82.10611
19711222,90.221748,84.251961
19711229,90.998901,85.085892
19720105,95.244164,86.065811
19720112,98.434891,86.786072
19720119,99.92334,87.162231
19720126,98.965378,86.024391
19720202,103.528702,88.248444
19720209,104.507896,89.029762
19720216,105.110497,89.210052
19720223,105.241798,89.108307
19720301,107.324402,91.060272
19720308,109.346397,92.632378
19720315,108.645599,91.6623
19720322,105.965202,90.648972
19720329,106.013901,90.562248
19720405,108.017403,92.646049
19720412,110.086304,93.819519
19720419,108.989304,92.983047
19720426,106.771004,91.047768
19720503,104.541298,90.070518
19720510,102.601601,89.53598
19720517,104.6483,91.035698
19720524,106.0821,93.696053
19720531,105.2957,93.139603
19720607,104.1278,91.844559
19720614,104.035202,92.383232
19720621,103.427299,92.58519
19720628,101.613602,91.037666
19720705,102.707603,92.063187
19720712,100.865997,90.906059
19720719,99.293198,90.123543
19720726,99.870453,91.131958
19720802,99.988541,92.461792
19720809,100.535698,93.830391
19720816,101.374702,94.614578
19720823,101.811798,95.067223
19720830,100.282204,93.684952
19720906,100.025902,93.709549
19720913,97.774399,92.12738
19720920,97.149727,91.860527
19720927,97.102882,92.712799
19721004,96.589981,93.004257
19721011,96.088371,92.54351
19721018,94.499069,91.343132
19721025,95.497429,93.309593
19721101,97.315224,95.153954
19721108,98.252098,95.871811
19721115,98.556686,96.863297
19721122,100.4133,98.778137
19721129,101.062401,98.623962
19721206,103.388397,100.040199
19721213,102.262604,100.3769
19721220,99.422989,98.331001
19721227,98.581741,98.971298
19730103,102.817497,101.236397
19730110,102.593201,100.941101
19730117,100.568497,100.0075
19730124,97.938591,98.081688
19730131,96.383919,97.387161
19730207,93.769493,95.361481
19730214,94.317238,96.497551
19730221,92.914688,95.787819
19730228,89.625153,93.265083
19730307,91.009041,95.44104
19730314,90.746567,95.711563
19730321,87.38765,91.921852
19730328,87.272972,92.639038
19730404,85.779228,90.353951
19730411,86.749611,93.236969
19730418,85.515427,92.153992
19730425,82.972656,89.484497
19730502,82.003052,89.381897
19730509,83.386368,91.207748
19730516,79.576553,87.939171
19730523,74.126778,85.383888
19730530,76.303299,87.14312
19730606,74.048149,85.572281
19730613,76.716537,88.355568
19730620,74.270416,85.762978
19730627,72.688728,85.071587
19730704,72.664429,83.751198
19730711,75.990379,87.298271
19730718,79.240959,88.514923
19730725,83.261887,91.487907
19730801,81.607658,89.170502
19730808,80.628754,88.396622
19730815,78.235573,86.306717
19730822,76.49794,84.275726
19730829,78.141083,87.205513
19730905,79.610519,88.164352
19730912,79.494789,87.040092
19730919,81.845581,89.666191
19730926,86.129532,92.529442
19731003,88.586189,92.811668
19731010,89.000526,92.914574
19731017,89.336723,93.565437
19731024,88.395081,93.529633
19731031,86.793457,92.059128
19731107,83.440681,89.686401
19731114,79.040619,86.787209
19731121,74.723488,84.235863
19731128,72.472267,82.537453
19731205,67.1175,77.834908
19731212,68.04998,79.11898
19731219,67.342667,79.773262
19731226,67.761818,80.526741
19740102,71.517174,82.529411
19740109,75.172173,79.778458
19740116,76.550598,81.503349
19740123,78.507378,82.639839
19740130,79.75412,82.809532
19740206,77.610802,79.82431
19740213,76.561813,77.96405
19740220,77.92363,80.045578
19740227,80.573318,82.857407
19740306,82.674911,84.264763
19740313,84.712112,85.761909
19740320,83.756104,83.971169
19740327,82.407089,82.948242
19740403,80.558701,80.905586
19740410,79.193512,79.250732
19740417,80.267281,80.837128
19740424,76.998421,77.233849
19740501,77.366653,78.77861
19740508,76.514893,78.190392
19740515,74.762451,76.956161
19740522,71.631279,74.031616
19740529,71.105499,73.960426
19740605,73.529121,76.876572
19740612,74.75766,78.327759
19740619,72.619453,75.60569
19740626,70.857872,74.240219
19740703,67.42588,71.132133
19740710,64.397079,67.652878
19740717,67.161903,70.954308
19740724,69.222122,72.342651
19740731,66.729759,67.678688
19740807,68.439262,70.528839
19740814,66.862122,65.925529
19740821,64.508614,63.224899
19740828,61.224998,60.805691
19740904,59.083481,58.956501
19740911,58.300819,58.774509
19740918,57.015381,58.07605
19740925,59.46907,58.51646
19741002,57.256241,54.96489
19741009,60.36097,58.667671
19741016,63.463379,61.054539
19741023,63.715881,61.72472
19741030,63.78046,64.35463
19741106,64.347321,65.042183
19741113,64.142906,64.042961
19741120,60.646729,59.544319
19741127,60.925468,61.35553
19741204,58.383369,59.17234
19741211,56.587181,59.137959
19741218,55.728588,59.200111
19741225,55.38168,58.839401
19750101,59.756378,61.44223
19750108,64.510681,61.746429
19750115,68.443932,63.799381
19750122,68.964027,63.571079
19750129,75.507523,68.182518
19750205,78.39669,69.832314
19750212,78.875267,70.793419
19750219,79.985191,71.999908
19750226,79.145866,71.071739
19750305,81.81163,73.264938
19750312,85.379959,74.043556
19750319,88.630219,74.951378
19750326,87.954933,74.315948
19750402,87.304512,73.383919
19750409,86.845352,73.66584
19750416,89.825691,76.951088
19750423,90.80407,76.673241
19750430,91.243187,77.674889
19750507,92.894386,79.390503
19750514,96.409492,82.309311
19750521,95.368362,79.804741
19750528,96.466019,80.587318
19750604,100.764999,83.297623
19750611,100.367203,81.639793
19750618,100.3302,81.641434
19750625,104.671997,85.555679
19750702,106.144699,85.225769
19750709,108.501404,86.029961
19750716,111.864403,86.117416
19750723,108.270203,82.218742
19750730,104.859001,80.798691
19750806,101.374496,78.446297
19750813,100.1213,78.204063
19750820,96.681587,75.558311
19750827,97.350098,76.760834
19750903,99.366188,78.239738
19750910,97.37709,76.189507
19750917,95.385551,74.781059
19750924,98.510612,77.911201
19751001,95.661797,75.316231
19751008,97.952408,79.57663
19751015,99.130592,80.820633
19751022,100.084503,82.051918
19751029,99.472229,80.914886
19751105,99.469528,80.902092
19751112,101.193001,82.906326
19751119,100.825401,81.971031
19751126,101.893097,82.920631
19751203,98.238358,79.803802
19751210,97.225014,80.068359
19751217,98.183144,81.087013
19751224,99.803452,81.440361
19751231,102.752602,82.265488
19760107,110.4049,85.941727
19760114,115.316299,88.872108
19760121,118.8769,90.02211
19760128,122.913696,90.535843
19760204,130.357101,94.052597
19760211,132.985199,93.419456
19760218,137.310303,92.912231
19760225,145.060898,95.017143
19760303,142.831894,93.408661
19760310,143.899902,94.2845
19760317,143.0215,94.156357
19760324,144.042206,96.308449
19760331,142.991501,95.727768
19760407,142.561401,95.269249
19760414,138.407104,93.312561
19760421,142.321198,96.112389
19760428,140.892593,95.052177
19760505,139.694397,94.077766
19760512,142.124603,96.126488
19760519,140.521194,94.782631
19760526,137.543304,93.183548
19760602,137.800705,93.908882
19760609,135.548798,92.728867
19760616,139.197403,95.737938
19760623,140.786499,96.956657
19760630,143.553696,98.188087
19760707,143.824295,97.799263
19760714,146.915497,99.71418
19760721,144.732498,97.78492
19760728,143.442596,97.132248
19760804,144.746902,98.405762
19760811,144.324203,98.344971
19760818,144.2052,98.83239
19760825,140.5177,96.656433
19760901,142.845001,98.418259
19760908,144.133606,99.328423
19760915,143.679199,98.847931
19760922,147.548401,101.7994
19760929,145.408295,99.968987
19761006,142.376495,97.744339
19761013,140.484207,96.873428
19761020,141.101593,96.576073
19761027,140.929199,96.596878
19761103,141.168503,96.831688
19761110,140.277298,94.587769
19761117,142.225906,96.311951
19761124,145.868698,98.44117
19761201,146.873901,98.567841
19761208,151.003098,100.261703
19761215,155.241592,101.620903
19761222,155.676895,101.364899
19761229,158.476196,102.939003
19770105,162.934402,101.966698
19770112,163.504395,100.794601
19770119,167.185806,101.598999
19770126,168.517197,100.615601
19770202,168.1091,100.5933
19770209,167.505493,99.348717
19770216,168.344406,100.089996
19770223,167.334,98.983109
19770302,166.713699,99.157028
19770309,167.584,99.023392
19770316,170.356293,100.958504
19770323,169.404495,99.259102
19770330,167.1203,97.630943
19770406,166.258896,97.0756
19770413,169.065994,99.22345
19770420,171.300903,99.696571
19770427,168.511398,97.432213
19770504,171.9104,99.533653
19770511,172.387802,98.923759
19770518,174.834305,100.425697
19770525,170.691696,97.356552
19770601,170.391998,97.436081
19770608,172.934006,98.821358
19770615,175.417404,100.309998
19770622,178.128494,101.420403
19770629,180.1492,101.355598
19770706,181.328598,100.991501
19770713,182.918198,101.191399
19770720,185.197693,103.159599
19770727,181.888504,100.160301
19770803,179.962296,99.802872
19770810,181.479599,100.584602
19770817,180.050201,99.557861
19770824,179.968796,99.079369
19770831,179.131805,98.738701
19770907,182.091202,100.030701
19770914,180.440506,98.64093
19770921,179.0755,97.426338
19770928,179.009293,97.57019
19771005,180.839005,98.123169
19771012,178.826706,96.503311
19771019,176.574997,94.809509
19771026,174.594894,94.319382
19771102,174.294205,93.376907
19771109,179.718796,95.948837
19771116,186.477097,98.960701
19771123,191.356293,100.421501
19771130,191.145905,99.043259
19771207,189.383301,97.131218
19771214,191.018997,98.423897
19771221,189.930893,97.590202
19771228,192.358002,99.22715
19780104,192.423294,98.07592
19780111,185.471603,94.039726
19780118,188.746994,95.078827
19780125,189.752594,94.080406
19780201,191.653702,94.790703
19780208,195.241196,96.123459
19780215,194.547394,94.399513
19780222,193.619293,93.293121
19780301,193.764496,93.065712
19780308,196.436707,93.891083
19780315,200.655594,95.481148
19780322,203.774307,96.006058
19780329,207.169098,96.37867
19780405,209.463806,96.479942
19780412,213.628403,97.23568
19780419,219.259201,100.911102
19780426,224.5056,103.885803
19780503,226.431793,103.7089
19780510,230.490494,104.083702
19780517,238.635895,107.9217
19780524,236.714798,105.683701
19780531,239.075394,106.061996
19780607,245.520905,109.209
19780614,249.030701,108.945297
19780621,240.693604,105.180099
19780628,238.434097,104.555397
19780705,237.564301,103.545601
19780712,241.075806,105.7136
19780719,245.752899,107.745003
19780726,248.728699,108.776299
19780802,257.884491,113.326401
19780809,263.311707,115.285797
19780816,268.434387,115.844803
19780823,272.423615,116.332001
19780830,276.200989,115.368599
19780906,281.556396,117.3909
19780913,288.550415,118.825203
19780920,274.864105,113.437202
19780927,275.425598,113.4561
19781004,277.85379,114.959503
19781011,282.336395,117.616203
19781018,265.022186,111.640404
19781025,248.272095,107.484703
19781101,235.310898,106.546303
19781108,231.923492,104.174103
19781115,226.988403,102.479698
19781122,236.820099,106.070396
19781129,235.233994,104.613503
19781206,244.657593,108.967003
19781213,241.934601,107.459999
19781220,235.204193,105.741997
19781227,238.830002,107.905602
19790103,246.772507,109.350304
19790110,255.032196,110.759697
19790117,257.993805,111.6241
19790124,261.72049,112.502998
19790131,262.661011,112.430901
19790207,256.574097,109.803299
19790214,261.898285,111.9077
19790221,263.485199,112.371902
19790228,256.729401,109.337097
19790307,263.515594,112.0625
19790314,269.205414,113.786301
19790321,274.58609,115.622002
19790328,279.4888,116.808899
19790404,283.925293,117.6325
19790411,285.635803,117.511597
19790418,285.491394,116.952301
19790425,288.77359,118.036598
19790502,288.655304,117.395203
19790509,280.802185,114.740601
19790516,278.636597,113.781601
19790523,286.016907,116.1651
19790530,286.650696,115.622002
19790606,292.708588,118.375999
19790613,298.971985,119.974701
19790620,299.815887,119.451797
19790627,301.606201,120.212502
19790704,302.673309,120.583504
19790711,305.658813,121.820602
19790718,300.44931,119.666901
19790725,305.591614,121.445
19790801,312.282196,123.1166
19790808,318.51651,125.439499
19790815,327.856415,128.499207
19790822,331.548492,129.7258
19790829,333.789307,130.027405
19790905,326.614685,127.0196
19790912,331.613892,129.183594
19790919,333.301605,129.788895
19790926,335.79599,131.520294
19791003,337.774109,131.4245
19791010,311.972595,125.220497
19791017,311.559692,123.384697
19791024,296.309296,119.400597
19791031,302.631897,121.554199
19791107,299.410706,119.991501
19791114,309.325409,124.6763
19791121,311.045105,125.6558
19791128,323.99231,129.791397
19791205,328.579803,130.770004
19791212,334.67099,131.480896
19791219,337.87149,132.547607
19791226,340.550903,132.303894
19800102,340.107208,129.972702
19800109,353.719391,134.371506
19800116,366.143585,137.239502
19800123,371.531097,139.7957
19800130,378.564697,142.380096
19800206,379.997498,143.425507
19800213,383.487091,146.509293
19800220,377.562897,144.598999
19800227,366.148102,140.160507
19800305,358.362213,138.447693
19800312,341.258392,132.7005
19800319,330.092194,129.199295
19800326,310.478485,121.629799
19800402,317.623413,126.5
19800409,317.941803,127.433098
19800416,318.6409,125.531097
19800423,324.830688,128.394608
19800430,332.295288,131.612
19800507,339.853607,133.246002
19800514,344.670288,133.226395
19800521,349.569489,134.603394
19800528,360.26889,140.479996
19800604,362.593903,141.380295
19800611,370.028198,145.827194
19800618,373.561798,146.395599
19800625,377.971313,147.2771
19800702,379.214508,146.374405
19800709,388.689301,149.344803
19800716,398.708801,151.474106
19800723,406.970886,154.280807
19800730,413.102112,154.938004
19800806,417.952087,154.433395
19800813,427.072296,157.102493
19800820,430.119202,158.068802
19800827,438.61261,158.732605
19800903,448.178802,162.234695
19800910,453.312103,161.235001
19800917,470.088806,166.557205
19800924,470.275513,168.414398
19801001,454.9487,164.051498
19801008,471.458496,169.955902
19801015,478.44809,173.149002
19801022,474.804504,170.8909
19801029,465.746704,165.525208
19801105,472.694214,169.741806
19801112,476.800995,173.735107
19801119,485.747314,179.942703
19801126,486.915009,181.772293
19801203,480.606293,177.782104
19801210,455.515808,166.518295
19801217,455.744812,171.732498
19801224,472.879913,176.175903
19801231,476.297485,176.0858
19810107,475.269806,174.617096
19810114,479.191406,173.082306
19810121,477.505707,170.732193
19810128,477.117187,169.675003
19810204,474.364197,167.439301
19810211,479.516205,167.548599
19810218,477.838196,167.821701
19810225,476.365509,167.930298
19810304,488.888397,171.412292
19810311,492.149414,170.591003
19810318,509.63501,176.233307
19810325,525.570923,180.490005
19810401,531.126221,180.3638
19810408,531.840881,177.975296
19810415,536.841614,177.729401
19810422,541.097595,177.670807
19810429,537.544373,176.257294
19810506,526.96759,173.912201
19810513,529.988892,174.346695
19810520,538.857971,176.804398
19810527,548.609924,179.631104
19810603,548.22467,175.645996
19810610,553.317078,177.681198
19810617,560.324402,179.237
19810624,559.354004,178.711105
19810701,548.077515,175.078201
19810708,534.718079,172.7995
19810715,540.546204,175.415802
19810722,530.385498,171.766296
19810729,534.96991,174.128403
19810805,543.124817,179.088593
19810812,546.311218,180.824493
19810819,535.0448,176.9048
19810826,511.900391,169.562302
19810902,504.775787,167.756607
19810909,481.022491,160.178406
19810916,488.622009,160.915695
19810923,467.681488,155.748398
19810930,467.62851,156.418198
19811007,491.085785,163.824203
19811014,493.514893,161.064407
19811021,497.471313,162.669205
19811028,496.498596,162.119202
19811104,514.402893,169.764206
19811111,512.817627,168.156296
19811118,504.413696,164.639603
19811125,515.102417,170.045197
19811202,518.048218,170.891205
19811209,515.86731,171.779694
19811216,508.462708,168.000198
19811223,508.560608,167.8871
19811230,507.278809,167.7444
19820106,506.318207,163.854599
19820113,489.470093,157.454605
19820120,490.660004,157.831299
19820127,485.764099,157.709
19820203,496.734497,159.719193
19820210,487.000702,157.083206
19820217,484.608307,156.0513
19820224,479.87561,155.850693
19820303,476.949097,152.869202
19820310,462.618988,150.248093
19820317,460.027588,149.564194
19820324,479.685699,155.0896
19820331,481.886902,154.141907
19820407,493.957794,158.846893
19820414,495.805298,159.564499
19820421,500.75351,159.598694
19820428,507.02121,161.603195
19820505,508.438995,162.350403
19820512,515.982178,165.000504
19820519,505.281403,159.706299
19820526,493.573486,157.284607
19820602,489.550598,156.002701
19820609,475.388794,151.658905
19820616,475.9133,151.604599
19820623,477.588287,153.208099
19820630,479.934601,152.566101
19820707,472.676697,149.555405
19820714,480.504303,153.548798
19820721,486.784485,155.053299
19820728,477.111206,150.274994
19820804,472.303986,148.562195
19820811,454.38739,144.142899
19820818,476.498596,152.601501
19820825,510.075806,165.135193
19820901,520.669922,166.765305
19820908,533.309875,172.056503
19820915,540.88562,175.016693
19820922,545.948792,175.066193
19820929,538.798889,171.887894
19821006,552.301575,177.910797
19821013,596.408386,193.066498
19821020,616.09668,196.813507
19821027,613.532471,191.872299
19821103,650.009888,202.891495
19821110,665.149475,201.869995
19821117,660.068115,197.757797
19821124,655.19812,193.112701
19821201,674.589478,199.606506
19821208,686.428101,203.589005
19821215,659.51001,194.7836
19821222,669.525574,199.244003
19821229,678.629395,202.695297
19830105,694.71637,204.348099
19830112,729.432922,211.835098
19830119,734.278625,210.446793
19830126,716.980774,204.793701
19830202,731.480774,207.469696
19830209,752.015991,210.998795
19830216,770.598206,214.888794
19830223,768.559692,214.120499
19830302,788.955627,221.765198
19830309,802.606995,223.196701
19830316,795.901123,218.860199
19830323,807.086121,222.613007
19830330,811.36438,223.617905
19830406,804.479919,220.727905
19830413,827.538086,228.560699
19830420,852.507812,234.418793
19830427,859.901672,235.603607
19830504,877.871094,238.807205
19830511,909.183105,242.755295
19830518,921.720398,241.584
19830525,943.568115,246.070908
19830601,940.071594,241.525208
19830608,946.411804,240.489197
19830615,976.193726,249.071594
19830622,994.148315,254.541794
19830629,971.797424,248.560699
19830706,990.269409,251.831497
19830713,973.44812,247.204102
19830720,984.4823,252.187195
19830727,988.687805,250.503601
19830803,953.46283,243.533997
19830810,936.104675,241.037598
19830817,954.918518,246.693893
19830824,940.796509,241.459793
19830831,946.042297,245.679504
19830907,965.715027,251.260193
19830914,961.265015,248.129593
19830921,972.511902,252.861206
19830928,966.441406,252.395294
19831005,961.692078,251.930298
19831012,963.682312,254.201904
19831019,941.403076,249.364304
19831026,928.829102,247.229294
19831102,920.218323,246.691803
19831109,917.526184,245.644699
19831116,941.86438,249.755096
19831123,956.679871,251.181107
19831130,965.65802,251.194901
19831207,962.841309,250.228699
19831214,950.44989,246.573593
19831221,947.49762,246.751694
19831228,950.199219,248.949707
19840104,972.359619,251.616196
19840111,993.25238,253.690094
19840118,995.783203,253.257706
19840125,979.72937,248.911407
19840201,956.352112,245.333405
19840208,916.737671,235.620804
19840215,906.467773,235.645203
19840222,896.329407,232.6427
19840229,914.190674,237.275803
19840307,908.940918,233.934494
19840314,920.147583,237.302505
19840321,928.731873,239.924393
19840328,927.303894,241.571198
19840404,922.420898,238.687805
19840411,901.422607,234.681396
19840418,916.030212,238.965393
19840425,916.21228,239.962494
19840502,937.918884,245.358902
19840509,936.610107,243.617004
19840516,924.519897,240.563904
19840523,893.73468,233.081802
19840530,875.711914,228.982101
19840606,905.247375,236.373505
19840613,896.288513,232.789703
19840620,901.433716,236.501297
19840627,895.63501,232.667603
19840704,899.174072,234.300201
19840711,888.823425,231.191803
19840718,885.174194,231.896103
19840725,857.410522,227.615005
19840801,881.430908,235.641998
19840808,932.230286,248.018707
19840815,943.057129,250.388306
19840822,958.039673,256.459991
19840829,966.260193,257.190002
19840905,960.444275,253.571304
19840912,964.254517,254.252808
19840919,978.332275,258.14621
19840926,973.815002,257.349396
19841003,956.469177,252.052002
19841010,951.952515,251.587296
19841017,963.163391,254.985596
19841024,972.05603,259.064301
19841031,964.195618,257.655212
19841107,976.204224,262.6763
19841114,964.78949,258.491791
19841121,946.59668,256.262604
19841128,947.854675,257.262787
19841205,927.116882,252.951401
19841212,926.239014,253.933105
19841219,950.309387,260.929596
19841226,951.113586,260.375702
19850102,956.836792,258.851288
19850109,967.585693,259.051697
19850116,1008.335022,268.421204
19850123,1045.411987,277.790802
19850130,1068.915039,281.998199
19850206,1089.352051,284.708099
19850213,1115.453003,289.639496
19850220,1113.623047,287.190491
19850227,1101.407959,286.131592
19850306,1102.307007,286.275085
19850313,1085.275024,282.464996
19850320,1085.331055,283.905212
19850327,1082.782959,284.796509
19850403,1085.19397,284.606201
19850410,1086.343994,285.432404
19850417,1095.457031,289.02359
19850424,1091.896973,289.763306
19850501,1074.784058,284.061401
19850508,1080.823975,287.812195
19850515,1100.223022,294.479095
19850522,1114.404053,300.88089
19850529,1111.995972,300.161987
19850605,1123.026978,304.709412
19850612,1113.188965,301.198395
19850619,1111.140015,300.196014
19850626,1122.619995,304.993896
19850703,1137.855957,307.752197
19850710,1145.232056,309.405396
19850717,1172.305054,314.718994
19850724,1165.107056,308.337708
19850731,1157.821045,306.946991
19850807,1139.843018,302.269806
19850814,1145.703003,303.022095
19850821,1148.150024,305.47699
19850828,1149.577026,305.497986
19850904,1142.557007,303.477905
19850911,1128.340942,299.883606
19850918,1098.880981,293.667114
19850925,1102.453979,292.729187
19851002,1109.629028,297.632996
19851009,1101.307007,295.402008
19851016,1122.343994,303.53299
19851023,1130.541992,305.707703
19851030,1132.114014,307.356506
19851106,1147.224976,312.501709
19851113,1172.04895,319.808197
19851120,1182.522949,322.848785
19851127,1202.240967,328.388489
19851204,1216.149048,331.507599
19851211,1211.96106,334.589386
19851218,1225.642944,339.638
19851225,1231.619995,336.842102
